TimeOfDay,Price,10minSD,10minAverage,Bollinger,Volume
09:30:02,549.42,0.0,549.42,0,"748,773 "
09:31:01,549.25,0.08499999999997954,549.335,0,"917,246 "
09:32:01,549.17,0.10424330514074201,549.2800000000001,0,"934,954 "
09:33:01,548.92,0.18013883534652161,549.19,0,"1,500,119 "
09:34:01,549.0,0.17814600753314433,549.152,0,"1,606,267 "
09:35:01,548.98,0.1748014746950173,549.1233333333333,0,"1,692,482 "
09:36:01,549.06,0.16334513354569036,549.1142857142858,0,"1,783,728 "
09:37:02,549.12,0.1528070678993562,549.115,0,"1,901,531 "
09:38:01,549.03,0.14652349914763807,549.1055555555555,0,"1,961,833 "
09:39:01,549.21,0.1424921050444548,549.116,0,"2,065,013 "
09:40:01,549.28,0.14380887224207273,549.1309090909091,0,"2,137,575 "
09:41:02,549.44,0.14753063836438585,549.1327272727272,1,"2,247,082 "
09:42:02,549.42,0.16666887050885437,549.1481818181818,0,"2,364,006 "
09:43:01,549.62,0.21517242749414514,549.1890909090909,1,"2,541,978 "
09:44:01,549.8,0.25931569196477827,549.2690909090909,1,"2,632,303 "
09:45:01,549.96,0.31055003190154884,549.3563636363635,0,"2,728,951 "
09:46:01,549.98,0.33265026431240796,549.4472727272728,0,"2,891,074 "
09:47:01,549.95,0.3368252360934797,549.5281818181818,0,"2,979,322 "
09:48:01,550.04,0.33929922920948746,549.6118181818182,0,"3,099,594 "
09:49:01,550.07,0.3074018018304353,549.7063636363637,0,"3,189,612 "
09:50:01,549.99,0.2727333332660058,549.7772727272727,0,"3,300,600 "
09:51:01,549.99,0.22770867280238624,549.8418181818182,0,"3,387,024 "
09:52:01,549.82,0.18979763037475897,549.8763636363636,0,"3,487,549 "
09:53:01,549.97,0.1240434474670288,549.9263636363636,0,"4,052,808 "
09:54:01,550.02,0.0795545449351267,549.9627272727273,0,"4,099,241 "
09:55:01,549.85,0.07110695006190206,549.9672727272728,0,"4,135,072 "
09:56:01,549.89,0.0745232782978801,549.9609090909091,0,"4,183,683 "
09:57:01,549.69,0.10722649234752603,549.9345454545454,-1,"4,227,365 "
09:58:01,549.62,0.1398937022666918,549.9045454545454,-1,"4,271,526 "
09:59:01,549.49,0.17613856303612035,549.8545454545455,-1,"4,303,647 "
10:00:01,549.61,0.17462119568789286,549.8127272727271,0,"4,383,837 "
10:01:02,549.72,0.16677792429772062,549.7881818181818,0,"4,708,650 "
10:02:01,549.57,0.1642614324234871,549.7499999999999,0,"5,089,435 "
10:03:01,549.68,0.16376762412254056,549.7372727272729,0,"5,138,428 "
10:04:01,549.8,0.14837410836481635,549.7218181818181,0,"5,429,238 "
10:05:02,549.68,0.11461037121517646,549.6909090909093,0,"5,483,142 "
10:06:01,549.57,0.1073112411601656,549.6654545454546,0,"5,512,073 "
10:07:02,549.62,0.08073013917923112,549.6409090909091,0,"5,574,445 "
10:08:01,549.39,0.1061964498013496,549.6136363636364,-1,"5,635,365 "
10:09:01,549.36,0.12869979162233752,549.5899999999999,0,"5,723,220 "
10:10:01,549.09,0.19250845210594167,549.5536363636364,-1,"5,787,413 "
10:11:01,548.89,0.269302742173459,549.4881818181819,-1,"5,920,736 "
10:12:01,548.65,0.34934886302830703,549.3909090909091,-1,"6,632,545 "
10:13:02,548.47,0.4315396230718352,549.2909090909092,0,"6,795,112 "
10:14:01,548.75,0.4380799579834371,549.2063636363637,0,"7,208,715 "
10:15:01,548.69,0.41705381463009666,549.1054545454546,0,"7,322,916 "
10:16:01,548.59,0.3978184311117711,549.0063636363636,0,"7,419,787 "
10:17:01,548.69,0.3634249385367039,548.9263636363637,0,"7,507,961 "
10:18:02,548.82,0.28996152494841154,548.8536363636364,0,"7,594,041 "
10:19:01,548.55,0.24591539229029705,548.7772727272727,0,"7,685,572 "
10:20:01,548.57,0.16838071776692076,548.7054545454546,0,"7,691,507 "
10:21:02,548.54,0.12205539996722063,548.6554545454545,0,"7,956,460 "
10:22:01,548.7,0.0988863610246479,548.6381818181818,0,"8,043,012 "
10:23:02,548.82,0.11194744930083213,548.6536363636363,0,"8,115,375 "
10:24:01,548.99,0.13235314643749022,548.7009090909091,1,"8,207,485 "
10:25:02,548.68,0.13152003900988002,548.6945454545456,0,"8,672,041 "
10:26:01,549.13,0.18147695252434276,548.7345454545456,1,"8,732,496 "
10:27:01,549.09,0.2011331535439868,548.78,0,"8,801,721 "
10:28:01,549.16,0.22587570633148107,548.8227272727273,0,"8,842,689 "
10:29:01,549.12,0.24147275396841927,548.85,0,"8,883,389 "
10:30:01,549.01,0.22517945093628236,548.8918181818182,0,"8,933,930 "
10:31:01,549.12,0.20862398458027398,548.9418181818181,0,"9,003,276 "
10:32:01,549.26,0.1837533380817783,549.0072727272727,0,"9,057,401 "
10:33:02,549.37,0.18284708871415062,549.0681818181819,0,"9,125,520 "
10:34:02,549.22,0.16913489164052428,549.1045454545455,0,"9,223,690 "
10:35:02,549.09,0.16537960340726593,549.1136363636365,0,"9,320,217 "
10:36:01,548.93,0.11315899733422767,549.1363636363636,0,"9,414,220 "
10:37:02,549.03,0.11724805942112138,549.1272727272727,0,"9,469,332 "
10:38:01,549.16,0.11695163936608853,549.1336363636364,0,"9,534,607 "
10:39:02,549.05,0.11895550942744756,549.1236363636364,0,"9,576,910 "
10:40:02,549.13,0.11896245674878088,549.1245454545456,0,"9,602,487 "
10:41:01,548.95,0.12529634293833322,549.1190909090909,0,"9,638,064 "
10:42:02,548.99,0.13066897170059286,549.1072727272726,0,"9,679,771 "
10:43:01,548.86,0.1385282738094597,549.070909090909,0,"9,734,929 "
10:44:01,549.0,0.10189931832146992,549.0372727272727,0,"9,786,438 "
10:45:01,549.03,0.08399134154509265,549.02,0,"9,824,645 "
10:46:01,548.97,0.0819594739606041,549.0090909090909,0,"9,858,828 "
10:47:01,548.8,0.09991732119296987,548.9972727272727,0,"9,900,807 "
10:48:01,548.74,0.12332179232726208,548.9709090909091,0,"9,987,971 "
10:49:01,548.72,0.1268108502279499,548.9309090909092,0,"10,050,072 "
10:50:01,548.72,0.13392362446589243,548.9009090909092,0,"10,125,559 "
10:51:01,548.95,0.11452380747835172,548.8845454545453,0,"10,159,878 "
10:52:02,548.96,0.11507812653415607,548.8854545454545,0,"10,198,609 "
10:53:02,548.9,0.1104610922115183,548.8772727272727,0,"10,239,835 "
10:54:02,548.77,0.11468966391207411,548.8690909090909,0,"10,302,735 "
10:55:02,548.88,0.10718023747774248,548.8581818181818,0,"10,348,618 "
10:56:02,548.89,0.09345525291561595,548.8454545454547,0,"10,426,627 "
10:57:02,549.02,0.10036297759994539,548.85,0,"10,481,699 "
10:58:01,549.09,0.11994489092706072,548.8763636363636,0,"10,547,741 "
10:59:02,549.18,0.13956248045377653,548.9163636363637,0,"10,582,496 "
11:00:02,549.24,0.1525106689128018,548.9636363636364,0,"10,631,654 "
11:01:02,549.36,0.16958871005616305,549.0218181818182,0,"10,694,726 "
11:02:02,549.31,0.1864678201027821,549.0545454545455,0,"10,758,970 "
11:03:01,549.16,0.18611291338573305,549.0727272727272,0,"10,833,064 "
11:04:02,549.2,0.18070568738848813,549.0999999999999,0,"10,879,060 "
11:05:02,549.15,0.1476090435985071,549.1345454545454,0,"10,926,741 "
11:06:02,549.21,0.12456204269093886,549.1645454545454,0,"10,972,119 "
11:07:02,549.35,0.10020639856840602,549.2063636363637,0,"11,266,734 "
11:08:02,549.47,0.10737283464562095,549.2472727272727,1,"11,328,562 "
11:09:02,549.52,0.12047426939715458,549.2863636363636,0,"11,373,532 "
11:10:02,549.4,0.11941316565702152,549.3063636363636,0,"11,415,253 "
11:11:01,549.29,0.11774043450469973,549.3109090909091,0,"11,451,518 "
11:12:02,549.29,0.1168031472461748,549.3045454545454,0,"11,803,720 "
11:13:04,549.31,0.11680314724617481,549.3045454545455,0,"11,839,007 "
11:14:02,549.34,0.10765724613154273,549.320909090909,0,"11,872,912 "
11:15:02,549.41,0.10304456229312704,549.34,0,"11,944,458 "
11:16:02,549.31,0.08489176385402844,549.3545454545455,0,"11,978,430 "
11:17:02,549.32,0.07290886420278335,549.3645454545455,0,"12,025,812 "
11:18:02,549.3,0.0751967117269562,549.3600000000001,0,"12,176,270 "
11:19:02,549.19,0.0808324458217068,549.3345454545455,0,"12,242,931 "
11:20:02,549.02,0.10166384406504336,549.2890909090908,-1,"12,329,166 "
11:21:02,548.95,0.13415175815050576,549.2481818181818,-1,"12,386,286 "
11:22:02,549.0,0.15080500243800377,549.2218181818181,0,"12,542,407 "
11:23:02,548.78,0.19471954827221843,549.1754545454545,-1,"12,610,014 "
11:24:02,548.84,0.21136314760451239,549.1327272727273,0,"12,668,796 "
11:25:02,548.92,0.20838616410027688,549.0945454545454,0,"12,718,171 "
11:26:02,548.8,0.19796485204356262,549.0390909090909,0,"12,773,699 "
11:27:02,548.79,0.18953618900398508,548.9918181818182,0,"12,828,492 "
11:28:02,548.71,0.17400484461765284,548.9363636363637,0,"12,872,185 "
11:29:02,548.9,0.13059305285714376,548.9,0,"12,915,741 "
11:30:02,548.81,0.09461535877278571,548.8654545454544,0,"12,980,551 "
11:31:02,548.8,0.08228151635625858,548.8454545454546,0,"13,018,614 "
11:32:02,548.88,0.07645016742410295,548.8390909090908,0,"13,057,849 "
11:33:02,548.9,0.06120011883529089,548.8299999999999,0,"13,111,539 "
11:34:02,548.95,0.06773794912799241,548.8454545454546,0,"13,160,349 "
11:35:02,548.97,0.07652580183904518,548.8572727272727,0,"13,170,381 "
11:36:02,548.98,0.08269230030013659,548.8627272727273,0,"13,179,954 "
11:37:02,548.97,0.0853674604623306,548.8781818181819,0,"13,234,561 "
11:38:02,548.87,0.08083244582172751,548.8854545454545,0,"13,317,604 "
11:39:02,548.89,0.058901795283390374,548.9018181818182,0,"13,354,718 "
11:40:02,548.84,0.06153679273009687,548.8963636363637,0,"13,392,655 "
11:41:02,549.03,0.06581968858145547,548.9163636363636,0,"13,507,714 "
11:42:02,549.06,0.06646940512882898,548.9399999999998,0,"13,561,264 "
11:43:02,549.05,0.07037091811039646,548.9554545454545,0,"13,612,788 "
11:44:02,548.97,0.06819999757638505,548.9618181818182,0,"13,657,627 "
11:45:02,548.91,0.06978124022687701,548.9581818181819,0,"13,697,487 "
11:46:02,548.88,0.07311261550137749,548.9499999999999,0,"13,740,271 "
11:47:02,548.83,0.07991731263938212,548.9363636363637,0,"13,800,332 "
11:48:02,548.66,0.11150362259243948,548.9081818181819,-1,"13,858,708 "
11:49:02,548.6,0.14259113368282952,548.8836363636365,0,"13,915,334 "
11:50:02,548.38,0.20307145670655263,548.8372727272728,-1,"14,013,784 "
11:51:02,548.59,0.2151263322863315,548.8145454545455,0,"14,114,072 "
11:52:02,548.72,0.2051284620680602,548.7863636363637,0,"14,168,804 "
11:53:02,548.74,0.1860640607713941,548.7572727272727,0,"14,222,537 "
11:54:02,548.61,0.1649292360152135,548.7172727272726,0,"14,269,833 "
11:55:02,548.6,0.14667668385525942,548.6836363636364,0,"14,325,641 "
11:56:02,548.62,0.12856486930664793,548.6572727272728,0,"14,385,027 "
11:57:02,548.57,0.1091666403802092,548.6290909090909,0,"14,439,119 "
11:58:02,548.47,0.09735340749256323,548.5963636363638,0,"14,481,876 "
11:59:02,548.59,0.09525086494477475,548.59,0,"14,515,953 "
12:00:02,548.33,0.12085781551164798,548.5654545454546,0,"14,569,599 "
12:01:02,548.3,0.13354047270861968,548.5581818181819,0,"14,643,067 "
12:02:02,548.36,0.1444796877256151,548.5372727272727,0,"14,697,152 "
12:03:02,548.35,0.14105271273037087,548.5036363636364,0,"14,753,947 "
12:04:02,548.45,0.11993110970211986,548.4772727272729,0,"14,810,513 "
12:05:02,548.36,0.11625705346060043,548.4545454545455,0,"14,903,133 "
12:06:02,548.6,0.11625705346060042,548.4545454545455,0,"14,949,849 "
12:07:02,548.53,0.10713396263750849,548.4463636363636,0,"15,274,570 "
12:08:02,548.4,0.10022289209145188,548.4309090909092,0,"15,332,180 "
12:09:02,548.39,0.10002479031563735,548.4236363636364,0,"15,400,344 "
12:10:02,548.37,0.08573455092983782,548.4036363636365,0,"15,448,013 "
12:11:02,548.41,0.08251220796228224,548.4109090909091,0,"15,508,198 "
12:12:02,548.41,0.07476685525437185,548.420909090909,0,"15,557,045 "
12:13:02,548.4,0.07265905891886822,548.4245454545454,0,"15,651,854 "
12:14:02,548.46,0.06919848085086164,548.4345454545454,0,"15,721,328 "
12:15:02,548.6,0.08407985185289597,548.4481818181819,0,"15,804,574 "
12:16:02,548.6,0.08934102183107612,548.47,0,"15,865,102 "
12:17:02,548.58,0.0868455454259658,548.4681818181817,0,"15,922,102 "
12:18:02,548.5,0.08531904150292845,548.4654545454546,0,"15,980,649 "
12:19:02,548.38,0.0868931137843703,548.4636363636364,0,"16,416,636 "
12:20:02,548.33,0.093012040454037,548.4581818181819,0,"16,517,062 "
12:21:02,548.2,0.11732556949019488,548.4427272727272,-1,"16,653,018 "
12:22:02,548.24,0.13101637018402879,548.4272727272727,0,"16,738,154 "
12:23:02,547.87,0.20726873999354967,548.3781818181818,-1,"16,913,566 "
12:24:02,547.53,0.31947270606010103,548.299090909091,-1,"17,074,337 "
12:25:02,547.38,0.4084884452678755,548.2009090909091,-1,"17,246,477 "
12:26:02,547.81,0.4013942642488987,548.1290909090909,0,"17,416,084 "
12:27:02,547.54,0.40400474590128255,548.0327272727272,0,"17,514,252 "
12:28:02,547.51,0.38906329553672436,547.9354545454545,0,"17,594,902 "
12:29:02,547.22,0.3941954878542328,547.8190909090908,0,"17,718,228 "
12:30:02,546.93,0.4257632912374022,547.6872727272727,0,"17,871,728 "
12:31:02,546.42,0.5094787483706641,547.5136363636364,-1,"18,106,459 "
12:32:02,546.34,0.5597948266408714,547.3445454545455,0,"18,284,837 "
12:33:02,546.38,0.5444824671417682,547.1754545454545,0,"18,431,784 "
12:34:03,546.14,0.5703877179255534,547.0181818181818,0,"18,670,462 "
12:35:02,546.28,0.5815084402789825,546.9045454545455,0,"18,876,765 "
12:36:02,546.6,0.566572995012713,546.8336363636364,0,"19,069,363 "
12:37:02,546.18,0.5012232969330446,546.6854545454546,0,"19,183,864 "
12:38:02,546.29,0.4314419413551921,546.5718181818182,0,"19,524,184 "
12:39:02,546.39,0.31426682351728114,546.47,0,"19,617,981 "
12:40:02,546.64,0.21788616331765723,546.4172727272727,0,"19,697,064 "
12:41:02,546.78,0.18801705567086852,546.4036363636363,1,"19,816,708 "
12:42:02,546.9,0.23626221600320496,546.4472727272728,0,"19,927,421 "
12:43:03,546.88,0.26341369907335377,546.4963636363636,0,"20,526,688 "
12:44:02,547.08,0.3083386567927162,546.56,0,"20,621,714 "
12:45:02,546.94,0.29474460158805654,546.6327272727274,0,"20,721,035 "
12:46:02,547.24,0.31854784141905607,546.72,0,"20,832,201 "
12:47:02,547.19,0.34259100256915737,546.7736363636363,0,"20,920,971 "
12:48:02,547.38,0.3268886635341135,546.8827272727274,0,"21,005,394 "
12:49:02,547.24,0.2811810980798002,546.9690909090909,0,"21,075,638 "
12:50:02,547.21,0.2197632084053203,547.0436363636364,0,"21,114,369 "
12:51:02,547.65,0.24182501699157358,547.1354545454544,1,"21,212,393 "
12:52:02,547.61,0.24853953574118365,547.210909090909,0,"21,268,372 "
12:53:02,547.4,0.23274147683925123,547.2563636363637,0,"21,302,089 "
12:54:03,547.46,0.2056234221472098,547.309090909091,0,"21,344,342 "
12:55:02,547.2,0.1961446590471434,547.3200000000002,0,"21,374,700 "
12:56:03,547.09,0.17311439871171072,547.3336363636364,0,"21,429,690 "
12:57:02,547.24,0.17311439871171072,547.3336363636364,0,"21,521,147 "
12:58:02,547.12,0.17944818999521345,547.3272727272728,0,"21,575,385 "
12:59:03,547.14,0.1861750709004582,547.3054545454546,0,"21,629,405 "
13:00:02,547.23,0.18651656696407226,547.3045454545455,0,"21,662,768 "
13:01:02,546.99,0.20632558720110777,547.2845454545453,0,"21,696,236 "
13:02:02,546.72,0.2285925314933632,547.1999999999999,-1,"21,738,781 "
13:03:03,546.53,0.26104051172247916,547.1018181818181,-1,"21,790,443 "
13:04:02,546.56,0.2844568552159534,547.0254545454546,0,"21,864,991 "
13:05:03,546.42,0.2968762994752115,546.930909090909,0,"21,923,846 "
13:06:02,546.46,0.31174793801966294,546.8636363636364,0,"21,987,752 "
13:07:03,546.04,0.3809036667003818,546.7681818181818,0,"22,098,989 "
13:08:03,545.85,0.4307249318789816,546.6418181818183,0,"23,424,254 "
13:09:02,545.78,0.46628122610522116,546.52,0,"23,506,581 "
13:10:02,545.88,0.4545199992872405,546.4054545454545,0,"23,567,523 "
13:11:03,546.32,0.37229242927108364,546.3227272727272,0,"23,739,580 "
13:12:02,546.57,0.31972612246801746,546.2845454545454,0,"23,824,808 "
13:13:03,546.58,0.3045658066469649,546.271818181818,0,"23,947,333 "
13:14:02,546.59,0.30963588320040736,546.2772727272727,0,"23,992,696 "
13:15:03,546.6,0.31314982024163207,546.2809090909092,0,"24,068,777 "
13:16:03,546.72,0.33628500309380194,546.3081818181819,0,"24,115,148 "
13:17:02,546.79,0.36221084221056155,546.338181818182,0,"24,171,538 "
13:18:03,546.82,0.3730818712355719,546.4090909090909,0,"24,223,815 "
13:19:02,546.76,0.3392992292094919,546.4918181818183,0,"24,254,180 "
13:20:02,546.58,0.2539278221128504,546.5645454545455,0,"24,293,805 "
13:21:02,546.39,0.14999724515375915,546.6109090909091,0,"24,349,677 "
13:22:02,546.24,0.1651045248690406,546.6036363636363,-1,"24,410,013 "
13:23:04,546.32,0.18426534945090273,546.5809090909091,0,"24,471,458 "
13:24:02,546.23,0.21008459531836557,546.549090909091,0,"24,543,497 "
13:25:02,546.06,0.25180997689292267,546.5009090909093,0,"24,816,078 "
13:26:02,545.89,0.30377242460503134,546.4363636363637,0,"24,906,814 "
13:27:04,545.99,0.3141221534255933,546.3699999999999,0,"24,971,271 "
13:28:03,545.98,0.3017305458750525,546.2963636363637,0,"25,026,075 "
13:29:03,545.91,0.2698913157440509,546.2136363636364,0,"25,070,868 "
13:30:03,546.05,0.20969478016024568,546.1490909090909,0,"25,155,432 "
13:31:03,546.2,0.16165977946763788,546.1145454545455,0,"25,607,404 "
13:32:02,545.84,0.15358525239120513,546.0645454545454,0,"25,667,721 "
13:33:03,545.6,0.19241398206957352,546.0063636363636,-1,"25,770,284 "
13:34:03,545.74,0.17818645634037308,545.9536363636363,0,"26,134,508 "
13:35:02,545.71,0.16723813871638016,545.9063636363636,0,"26,218,784 "
13:36:03,545.43,0.20777848980693206,545.849090909091,-1,"26,368,320 "
13:37:02,545.53,0.2262851269475986,545.8163636363637,0,"26,496,458 "
13:38:03,545.48,0.23790754506741416,545.77,0,"26,609,186 "
13:39:02,545.26,0.26823882290918727,545.7045454545455,0,"26,728,372 "
13:40:03,545.55,0.26308720233615335,545.6718181818181,0,"26,869,452 "
13:41:02,545.74,0.236307685685547,545.6436363636363,0,"26,983,489 "
13:42:02,545.94,0.18742271134331873,545.62,0,"27,137,314 "
13:43:03,546.11,0.22792995879372796,545.6445454545454,1,"27,236,716 "
13:44:03,546.41,0.3156182441384876,545.7181818181818,1,"27,606,699 "
13:45:03,546.55,0.3962969084782516,545.7918181818183,0,"27,700,300 "
13:46:03,546.39,0.43029107964625435,545.8536363636365,0,"27,822,763 "
13:47:03,546.37,0.4310126457848339,545.9390909090909,0,"28,150,428 "
13:48:04,546.34,0.42396592721351256,546.0127272727274,0,"28,245,381 "
13:49:03,546.62,0.4203953275251265,546.1163636363636,0,"28,342,973 "
13:50:03,546.44,0.3287517086653908,546.2236363636363,0,"28,385,366 "
13:51:03,546.54,0.260428762804457,546.3136363636363,0,"28,463,473 "
13:52:03,546.29,0.18830694127467754,546.3636363636363,0,"28,531,926 "
13:53:03,546.47,0.1336085314245311,546.4118181818181,0,"28,581,133 "
13:54:03,546.51,0.09551945844773252,546.4481818181819,0,"28,651,343 "
13:55:03,546.52,0.09674880143191099,546.4581818181819,0,"28,727,218 "
13:56:03,546.83,0.1432272655145629,546.4836363636364,1,"28,803,104 "
13:57:03,546.99,0.2001280581763177,546.5381818181818,1,"28,949,976 "
13:58:03,546.84,0.2096080561192386,546.5809090909091,0,"29,025,678 "
13:59:03,546.99,0.2244589454261573,546.64,0,"29,097,605 "
14:00:03,546.96,0.24227912323129494,546.670909090909,0,"29,176,541 "
14:01:03,547.26,0.2825649928894559,546.7454545454545,0,"29,325,422 "
14:02:03,547.38,0.32676981561444435,546.8218181818182,0,"29,417,253 "
14:03:03,547.55,0.3408084699991086,546.9363636363637,0,"29,546,353 "
14:04:03,547.6,0.35477148971887806,547.039090909091,0,"29,674,515 "
14:05:03,547.74,0.36410424444991235,547.1509090909091,0,"29,765,299 "
14:06:03,547.9,0.36284914790063894,547.2763636363635,0,"29,872,635 "
14:07:03,547.77,0.35832484454034963,547.3618181818182,0,"30,039,081 "
14:08:03,547.89,0.3667367826774186,547.4436363636364,0,"30,130,924 "
14:09:03,547.86,0.32944230360558235,547.5363636363636,0,"30,232,809 "
14:10:03,547.77,0.2851822673656788,547.6072727272727,0,"30,359,869 "
14:11:03,547.84,0.20436557747379952,547.6872727272728,0,"30,465,875 "
14:12:03,547.76,0.1535691084638476,547.7327272727274,0,"30,567,052 "
14:13:03,547.45,0.13963944125395666,547.7390909090909,-1,"30,663,025 "
14:14:03,547.38,0.1665299714914877,547.7236363636364,-1,"30,804,748 "
14:15:03,547.56,0.1695984562536921,547.7199999999998,0,"30,916,626 "
14:16:03,547.76,0.16991003939615335,547.7218181818182,0,"31,277,431 "
14:17:03,547.83,0.1643368843876765,547.7154545454546,0,"31,368,800 "
14:18:03,547.89,0.17142571819742938,547.7263636363637,0,"31,473,969 "
14:19:03,547.83,0.16703045696435304,547.720909090909,0,"31,612,451 "
14:20:03,547.74,0.16141420462445938,547.7100000000002,0,"31,710,929 "
14:21:04,547.49,0.1716954828846025,547.6845454545455,0,"31,972,928 "
14:22:03,547.72,0.1651595772288555,547.6736363636363,0,"32,066,990 "
14:23:03,547.86,0.17226253267989167,547.6827272727272,0,"32,166,900 "
14:24:03,547.87,0.16272981206755055,547.7209090909091,0,"32,265,736 "
14:25:03,547.91,0.12978685641918825,547.769090909091,0,"32,382,685 "
14:26:03,547.89,0.11532204279199032,547.7990909090909,0,"32,466,237 "
14:27:03,547.74,0.11607919781462898,547.7972727272727,0,"32,576,106 "
14:28:03,547.92,0.12115832139383799,547.8054545454545,0,"32,674,374 "
14:29:03,548.07,0.14185896849388296,547.8218181818181,0,"32,763,738 "
14:30:03,548.09,0.1615472706707171,547.8454545454545,0,"32,865,109 "
14:31:03,548.01,0.1641507068076624,547.87,0,"32,953,101 "
14:32:03,548.04,0.1180908740989523,547.92,0,"33,054,382 "
14:33:03,548.16,0.1180908740989523,547.9599999999999,0,"33,153,375 "
14:34:03,547.97,0.11377809343390746,547.97,0,"33,240,742 "
14:35:03,547.76,0.1262753124939919,547.9600000000002,0,"33,353,655 "
14:36:03,547.57,0.16908602143472762,547.9290909090909,-1,"33,443,764 "
14:37:03,547.39,0.22979329554555,547.8836363636364,-1,"33,588,362 "
14:38:03,547.49,0.2539668749142637,547.860909090909,0,"33,696,985 "
14:39:03,547.34,0.29337590474952085,547.8081818181819,0,"33,826,098 "
14:40:03,547.45,0.2971934840169633,547.7518181818182,0,"33,927,559 "
14:41:03,547.7,0.2773338233731462,547.7163636363637,0,"34,069,018 "
14:42:03,547.42,0.2723664279502417,547.6627272727274,0,"34,200,790 "
14:43:03,547.39,0.25399616057486996,547.6036363636364,0,"34,299,105 "
14:44:03,547.3,0.19657816564058378,547.5254545454546,0,"34,385,368 "
14:45:03,547.38,0.14044204122039966,547.4718181818182,0,"34,472,639 "
14:46:03,547.54,0.11043864457190625,547.4518181818181,0,"34,820,155 "
14:47:03,547.5,0.10534477044998355,547.4454545454546,0,"34,959,069 "
14:48:03,547.54,0.10697956860623249,547.459090909091,0,"35,036,319 "
14:49:03,547.53,0.10863541270029624,547.4627272727273,0,"35,136,800 "
14:50:03,547.55,0.103732013277072,547.4818181818181,0,"35,239,065 "
14:51:03,547.29,0.11748043621201412,547.4672727272728,0,"35,320,235 "
14:52:03,547.45,0.09158837127095444,547.4445454545455,0,"35,419,563 "
14:53:03,547.36,0.09462409317010104,547.4390909090909,0,"35,433,643 "
14:54:03,547.43,0.09342871945945913,547.4427272727272,0,"35,449,069 "
14:55:03,547.42,0.08249217343290803,547.4536363636363,0,"35,457,375 "
14:56:03,547.36,0.0842958191369276,547.4518181818181,0,"35,616,393 "
14:57:03,547.55,0.08528997693332865,547.4527272727273,0,"36,163,635 "
14:58:03,547.59,0.09336677873794491,547.460909090909,0,"36,251,388 "
14:59:04,547.49,0.09058122696059016,547.4563636363636,0,"36,608,141 "
15:00:03,547.11,0.13099744493123242,547.4181818181818,-1,"36,722,513 "
15:01:03,547.07,0.15715444842941564,547.3745454545453,0,"36,816,432 "
15:02:03,547.07,0.17910705972397914,547.3545454545455,0,"36,913,457 "
15:03:03,546.48,0.3049671436034989,547.2663636363636,-1,"37,041,833 "
15:04:03,546.49,0.3751627745899198,547.1872727272728,0,"37,221,152 "
15:05:03,546.48,0.4164231795455223,547.1009090909091,0,"37,434,247 "
15:06:03,546.45,0.44146637695691376,547.0127272727273,0,"37,575,850 "
15:07:03,546.55,0.44494033400720606,546.939090909091,0,"37,678,824 "
15:08:03,546.62,0.4076175488318778,546.8545454545455,0,"37,810,500 "
15:09:03,546.71,0.3353793953763093,546.7745454545454,0,"37,927,148 "
15:10:03,546.69,0.24760005073499455,546.7018181818181,0,"38,017,386 "
15:11:03,546.6,0.2120190230043243,546.6554545454545,0,"38,124,232 "
15:12:03,546.61,0.16663911618022306,546.6136363636363,0,"38,213,969 "
15:13:03,546.67,0.08832696582902577,546.5772727272725,0,"38,319,863 "
15:14:03,546.7,0.08894236224462185,546.5972727272726,0,"38,380,043 "
15:15:03,546.86,0.10958222694766867,546.6309090909091,1,"38,476,420 "
15:16:03,546.85,0.11476170064043617,546.6645454545455,0,"38,778,197 "
15:17:04,546.63,0.0939491686019305,546.6809090909092,0,"38,821,321 "
15:18:03,546.53,0.0966205836770022,546.679090909091,0,"39,393,403 "
15:19:04,546.55,0.10243320742549379,546.6727272727272,0,"39,455,741 "
15:20:03,546.57,0.10565811073286607,546.66,0,"39,509,335 "
15:21:03,546.64,0.10534477044998025,546.6554545454545,0,"39,576,093 "
15:22:03,546.36,0.13519499232743362,546.6336363636364,-1,"39,644,112 "
15:23:04,546.22,0.18034402386036708,546.5981818181818,-1,"39,820,889 "
15:24:03,546.02,0.24280386942606058,546.539090909091,-1,"39,969,028 "
15:25:03,546.07,0.2707839857564455,546.4818181818181,0,"40,123,069 "
15:26:04,546.24,0.24992230197561566,546.4254545454546,0,"40,190,347 "
15:27:03,546.46,0.21196054521365323,546.39,0,"40,548,592 "
15:28:03,546.8,0.23395273945289416,546.4054545454545,0,"40,684,213 "
15:29:03,546.92,0.27592668807143755,546.4409090909091,0,"41,034,059 "
15:30:04,547.08,0.3314555926777369,546.4890909090909,0,"41,165,235 "
15:31:03,546.9,0.3517347798724099,546.5190909090909,0,"41,268,038 "
15:32:03,546.92,0.36925880641589526,546.5445454545454,0,"41,333,734 "
15:33:03,546.94,0.38038475519329645,546.5972727272728,0,"41,437,291 "
15:34:03,547.13,0.3882126877229608,546.6800000000001,0,"41,795,599 "
15:35:03,547.47,0.38790388176402374,546.8118181818182,0,"41,926,356 "
15:36:03,547.25,0.32617492644994794,546.9190909090909,0,"42,068,458 "
15:37:03,546.85,0.2486459197099988,546.9745454545455,0,"42,202,358 "
15:38:04,546.88,0.1926414903432225,547.0127272727273,0,"42,336,481 "
15:39:03,546.91,0.184000538985926,547.0227272727273,0,"42,995,793 "
15:40:03,546.82,0.19118162365442415,547.0136363636362,0,"43,155,856 "
15:41:03,547.02,0.19006306043560817,547.0081818181818,0,"43,231,470 "
15:42:04,547.14,0.19016739037920333,547.0300000000001,0,"43,364,614 "
15:43:03,546.9,0.19130262469416284,547.0281818181818,0,"43,492,343 "
15:44:03,547.06,0.18937478691039028,547.039090909091,0,"43,760,286 "
15:45:03,547.18,0.1920829710531214,547.0436363636364,0,"43,897,190 "
15:46:03,547.43,0.18419357406616063,547.0400000000001,1,"44,308,864 "
15:47:03,547.1,0.17337676929803705,547.0263636363637,0,"44,435,484 "
15:48:03,547.24,0.17356257356395777,547.0618181818181,0,"44,604,793 "
15:49:04,547.11,0.16398951790729518,547.0827272727272,0,"44,696,352 "
15:50:04,546.83,0.17301411589091134,547.0754545454546,0,"44,895,701 "
15:51:04,547.29,0.16235864799420935,547.1181818181818,0,"45,618,568 "
15:52:04,547.58,0.20562342214722623,547.1690909090909,0,"45,975,953 "
15:53:04,547.47,0.22256580417953606,547.1990909090908,0,"46,797,623 "
15:54:03,547.56,0.2228107450262906,547.2590909090909,0,"47,169,705 "
15:55:04,547.38,0.21569415138604023,547.2881818181819,0,"47,767,384 "
15:56:03,547.17,0.2161687433923551,547.2872727272728,0,"48,394,018 "
15:57:04,547.08,0.21856405910826135,547.2554545454545,0,"49,451,173 "
15:58:04,547.03,0.22395026012099536,547.2490909090908,0,"50,108,274 "
15:59:04,546.82,0.25578593839573205,547.210909090909,0,"51,541,274 "
